id,title,creator,year,format,category,subcategory,difficulty,credibility,usefulness,status,source_link,tags
karpathy-zero-to-hero,Neural Networks: Zero to Hero,Andrej Karpathy,2023,Course (Video),AI Foundations,Hands-on Learning,Advanced,10,10,core,https://karpathy.ai/zero-to-hero.html,llms; hands-on; gpt; pytorch; course
designing-data-intensive-applications,Designing Data-Intensive Applications,Martin Kleppmann,2017,Book,Engineering and Systems,Distributed Systems,Advanced,10,10,core,https://dataintensive.net/,distributed-systems; databases; data-engineering; systems-design
software-is-changing-again,Software Is Changing (Again),Andrej Karpathy,2025,Talk,AI in Practice,AI software paradigm,Intermediate,10,10,core,https://www.youtube.com/watch?v=vDWaKVmqznQ,Software 3.0; LLMs; agents; Karpathy
artificial-intelligence-index-report-2024,Artificial Intelligence Index Report 2024,Stanford HAI / AI Index Steering Committee,2024,Report,AI in Practice,State of the field,Intermediate,10,10,core,https://hai.stanford.edu/ai-index/2024-ai-index-report,ai index; trend report; stanford; policy
cs224n-natural-language-processing-with-deep-learning,CS224N: Natural Language Processing with Deep Learning,Stanford University,2023,Course,AI Foundations,NLP and LLMs,Advanced,10,10,core,https://web.stanford.edu/class/cs224n/,nlp; llms; stanford; deep learning
10-usability-heuristics-for-user-interface-design,10 Usability Heuristics for User Interface Design,Jakob Nielsen / Nielsen Norman Group,1994,Essay / framework,Product and Design,Usability,Beginner,10,10,core,https://www.nngroup.com/articles/ten-usability-heuristics/,usability; heuristics; ux; framework
refactoring,Refactoring,Martin Fowler,1999,Book / reference,Engineering and Systems,Refactoring,Intermediate,10,10,core,https://martinfowler.com/refactoring/,refactoring; code quality; martin fowler; book
the-lean-startup,The Lean Startup,Eric Ries,2011,Book,Startup History,Lean startup,Beginner,10,10,core,https://www.penguinrandomhouse.com/books/210088/the-lean-startup-by-eric-ries/,lean startup; mvp; iteration; book
vc-an-american-history,VC: An American History,Tom Nicholas / Harvard University Press,2019,Book,Venture Capital and Fundraising,Core Historical Foundations,Intermediate,10,10,core,https://www.hup.harvard.edu/books/9780674988002,history; foundations; venture capital; America
the-money-of-invention-how-venture-capital-creates-new-wealt,The Money of Invention: How Venture Capital Creates New Wealth,Josh Lerner and Paul Gompers / Harvard Business School Press,2001,Book,Venture Capital and Fundraising,Core Historical Foundations,Beginner,10,10,core,https://www.hbs.edu/faculty/Pages/item.aspx?num=10434,VC; wealth creation; finance; classic
the-power-law-venture-capital-and-the-making-of-the-new-futu,The Power Law: Venture Capital and the Making of the New Future,Sebastian Mallaby / Penguin Press,2022,Book,Venture Capital and Fundraising,Silicon Valley and Modern VC Model,Intermediate,10,10,core,https://www.cfr.org/books/power-law,Power Law; Silicon Valley; firms; strategy
attention-is-all-you-need,Attention Is All You Need,Ashish Vaswani et al. (Google),2017,Paper,AI Foundations,Deep Learning Architectures,Advanced,10,9,core,https://arxiv.org/abs/1706.03762,transformers; attention; nlp; foundational-paper; llms
3blue1brown-neural-networks,Neural Networks (video series),Grant Sanderson (3Blue1Brown),2017,Video Series,AI Foundations,Visual Explainers,Beginner,9,10,core,https://www.3blue1brown.com/topics/neural-networks,neural-networks; explainer; visual-learning; gradient-descent
before-the-startup,Before the Startup,Paul Graham,2014,Recorded lecture,Founder Mental Models,Founding phase,Beginner,10,10,recommended,https://www.youtube.com/watch?v=ii1jcLg-eIQ,idea generation; YC; founder mindset; Paul Graham
continuous-discovery-habits,Continuous Discovery Habits,Teresa Torres,2021,Book,Product and Design,Continuous discovery,Intermediate,9,10,core,https://www.producttalk.org/continuous-discovery-habits/,discovery; customer research; product; book
working-effectively-with-legacy-code,Working Effectively with Legacy Code,Michael Feathers,2004,Book,Engineering and Systems,Legacy code,Advanced,10,10,recommended,https://www.oreilly.com/library/view/working-effectively-with/0131177052/,legacy code; testing; refactoring; book
the-pragmatic-programmer,The Pragmatic Programmer,"Andy Hunt, Dave Thomas",2019,Book,Engineering and Systems,General craft,Intermediate,10,9,core,https://www.oreilly.com/library/view/the-pragmatic-programmer/9780135956977/,software craft; engineering; pragmatic; book
the-innovator-s-dilemma,The Innovator's Dilemma,Clayton M. Christensen,1997,Book,Startup History,Disruption theory,Intermediate,10,9,core,https://store.hbr.org/product/the-innovator-s-dilemma-with-a-new-foreword-when-new-technologies-cause-great-firms-to-fail/10706,disruption; strategy; innovation; book
interview-with-don-valentine-2004-april-21,"Interview with Don Valentine, 2004 April 21",Stanford Silicon Genesis,2004,Oral history interview,Venture Capital and Fundraising,Major Firms and Legendary Investors,Intermediate,10,10,recommended,https://exhibits.stanford.edu/silicongenesis/catalog/nn642hx4425,Don Valentine; Sequoia; oral history; Stanford
oral-history-with-alan-patricof,Oral History with Alan Patricof,Computer History Museum / NVCA,2010,Oral history interview,Venture Capital and Fundraising,Origins of Venture Capital,Intermediate,10,10,recommended,https://archive.computerhistory.org/resources/access/text/2019/03/102781064-05-01-acc.pdf,angel investing; oral history; Patricof; early VC
the-bitter-lesson,The Bitter Lesson,Richard Sutton,2019,Essay,AI Foundations,Research Philosophy,Beginner,9,9,core,http://www.incompleteideas.net/IncIdeas/BitterLesson.html,scaling; research-philosophy; compute; must-read-essay
software-2-0,Software 2.0,Andrej Karpathy,2017,Essay,AI in Practice,AI Engineering Mindset,Intermediate,9,9,core,https://karpathy.medium.com/software-2-0-a64152b37c35,ai-engineering; mental-model; ml-systems; must-read-essay
hard-thing-about-hard-things,The Hard Thing About Hard Things,Ben Horowitz,2014,Book,Startup History,Operating a Company,Intermediate,9,9,core,https://www.harpercollins.com/products/the-hard-thing-about-hard-things-ben-horowitz,startups; leadership; management; operating
how-to-start-a-startup-cs183b,How to Start a Startup (Stanford CS183B),"Sam Altman, Y Combinator, et al.",2014,Lecture Series,Startup History,Startup Curriculum,Beginner,9,9,core,https://startupclass.samaltman.com/,startups; y-combinator; curriculum; lectures
do-things-that-dont-scale,Do Things That Don't Scale,Paul Graham,2013,Essay,Founder Mental Models,Early-stage Tactics,Beginner,9,9,core,https://paulgraham.com/ds.html,startups; growth; early-stage; must-read-essay
how-to-do-great-work,How to Do Great Work,Paul Graham,2023,Essay,Founder Mental Models,Career & Craft,Beginner,9,9,core,https://paulgraham.com/greatwork.html,career; ambition; curiosity; must-read-essay
hamming-you-and-your-research,You and Your Research,Richard Hamming,1986,Talk,Founder Mental Models,Doing Important Work,Intermediate,9,9,core,https://www.cs.virginia.edu/~robins/YouAndYourResearch.html,research; career; great-work; classic-talk
design-of-everyday-things,The Design of Everyday Things,Don Norman,1988,Book,Product and Design,Design Principles,Beginner,9,9,core,https://mitpress.mit.edu/9780262525671/the-design-of-everyday-things/,design; ux; usability; human-centered-design
pg-how-to-raise-money,How to Raise Money,Paul Graham,2013,Essay,Venture Capital and Fundraising,Fundraising Tactics,Intermediate,9,9,core,https://paulgraham.com/fr.html,fundraising; seed; venture-capital; must-read-essay
openai-devday-opening-keynote,OpenAI DevDay: Opening Keynote,Sam Altman and OpenAI,2023,Keynote,AI in Practice,AI product launch,Intermediate,10,9,recommended,https://www.youtube.com/watch?v=U9mJuUkhUzk,OpenAI; developer platform; AI products; keynote
tim-brown-from-design-to-design-thinking,Tim Brown - From Design to Design Thinking,Tim Brown,2009,Talk,Product and Design,Design thinking,Beginner,10,9,recommended,https://www.youtube.com/watch?v=sq8EFbYBtOA,design thinking; IDEO; human-centered design; innovation
the-three-ways-that-good-design-makes-you-happy,The three ways that good design makes you happy,Don Norman,2003,Talk,Product and Design,Usability,Beginner,10,9,recommended,https://www.youtube.com/watch?v=RlQEoJaLQRA,Don Norman; emotional design; UX; usability
steve-jobs-introduces-the-macintosh,Steve Jobs Introduces the Macintosh,Steve Jobs,1984,Historical keynote,Internet and Big Tech History,Personal computing,Beginner,10,9,recommended,https://www.youtube.com/watch?v=1tQ5XwvjPmA,Apple; product launch; Steve Jobs; demo
steve-jobs-the-lost-interview,Steve Jobs: The Lost Interview,"Steve Jobs, Robert X. Cringely",1995,Interview documentary,Internet and Big Tech History,Founder interview,Beginner,10,9,recommended,https://www.youtube.com/watch?v=9m68auPIPRk,Steve Jobs; interview; Apple; product thinking
cs231n-deep-learning-for-computer-vision,CS231n: Deep Learning for Computer Vision,Stanford University,2021,Course,AI Foundations,Computer vision,Advanced,10,9,recommended,https://cs231n.stanford.edu/2021/,computer vision; deep learning; stanford; practical
deep-residual-learning-for-image-recognition,Deep Residual Learning for Image Recognition,"He, Zhang, Ren, Sun",2015,Paper,AI Foundations,Deep vision architecture,Advanced,10,9,recommended,https://arxiv.org/abs/1512.03385,resnet; vision; deep learning; paper
gpt-4-technical-report,GPT-4 Technical Report,OpenAI,2023,Technical report,AI in Practice,Frontier model report,Advanced,10,9,recommended,https://cdn.openai.com/papers/gpt-4.pdf,openai; gpt-4; report; multimodal
training-compute-optimal-large-language-models,Training Compute-Optimal Large Language Models,Hoffmann et al. (DeepMind),2022,Paper,AI Foundations,Scaling laws,Advanced,10,9,recommended,https://arxiv.org/abs/2203.15556,scaling laws; compute; training; llm
computer-history-museum-oral-histories,Computer History Museum Oral Histories,Computer History Museum,,Archive,Internet and Big Tech History,Oral history archive,Intermediate,10,9,recommended,https://computerhistory.org/oral-histories/,oral history; computing; archive; chm
continuous-delivery,Continuous Delivery,Martin Fowler,2013,Essay / book summary,Engineering and Systems,Delivery systems,Intermediate,10,9,recommended,https://martinfowler.com/bliki/ContinuousDelivery.html,deployment; devops; release; continuous delivery
essays-by-paul-graham,Essays by Paul Graham,Paul Graham / Y Combinator,,Essays,Founder Mental Models,Founder essays,Intermediate,9,10,recommended,https://www.ycombinator.com/library/carousel/Essays%20by%20Paul%20Graham,paul graham; essays; yc; founders
yc-startup-library,YC Startup Library,Y Combinator,2023,Library,Startup History,Startup library,Beginner,9,10,recommended,https://www.ycombinator.com/library,yc; startup; founder advice; library
the-mom-test,The Mom Test,Rob Fitzpatrick,2013,Book,Startup History,Customer discovery,Beginner,8,10,core,https://www.momtestbook.com/,customer discovery; interviews; validation; book
how-do-venture-capitalists-make-decisions,How Do Venture Capitalists Make Decisions?,Paul Gompers et al. / NBER,2016,Working paper,Venture Capital and Fundraising,Startup Financing and Fundraising History,Advanced,10,9,recommended,https://www.nber.org/system/files/working_papers/w22587/w22587.pdf,decision-making; NBER; VC process; empirical
venture-capital-data-opportunities-and-challenges,Venture Capital Data: Opportunities and Challenges,Steven N. Kaplan and Josh Lerner / Harvard Business School,2016,Working paper,Venture Capital and Fundraising,LP/GP Fundraising History,Advanced,10,9,recommended,https://www.hbs.edu/ris/Publication%20Files/17-012_10de1f93-30e4-4a98-858c-4137556ec037.pdf,LPs; funds; data; performance
institutions-and-venture-capital,Institutions and venture capital,Josh Lerner / Oxford Academic,2013,Article,Venture Capital and Fundraising,Origins of Venture Capital,Advanced,10,9,recommended,https://academic.oup.com/icc/article/22/1/153/884044,policy; institutions; SBIC; history
silicon-valley,Silicon Valley,PBS American Experience,2013,Documentary,Venture Capital and Fundraising,Silicon Valley and the Modern VC Model,Beginner,10,9,recommended,https://www.pbs.org/wgbh/americanexperience/films/silicon/,documentary; Silicon Valley; PBS; history
bill-draper-the-rise-of-sand-hill-road-and-silicon-valley,Bill Draper: The Rise of Sand Hill Road and Silicon Valley,Stanford,2015,Recorded lecture,Venture Capital and Fundraising,Silicon Valley and the Modern VC Model,Intermediate,10,9,recommended,https://www.youtube.com/watch?v=KxDxRUYEMXg,Bill Draper; Sand Hill Road; VC; history
cisco-oral-history-panel-john-morgridge-and-don-valentine,Cisco oral history panel: John Morgridge and Don Valentine,Computer History Museum,2014,Oral history panel,Venture Capital and Fundraising,Major Firms and Legendary Investors,Advanced,10,9,recommended,https://archive.computerhistory.org/resources/access/text/2015/09/102739934-05-01-acc.pdf,Cisco; Don Valentine; board; history
the-economics-within-the-private-equity-partnership,The Economics within the Private Equity Partnership,"Victoria Ivashina, Josh Lerner et al. / Harvard Business School",2016,Working paper,Venture Capital and Fundraising,LP/GP Fundraising History,Advanced,10,9,recommended,https://www.hbs.edu/ris/Publication%20Files/16-119_4925d447-80c5-4764-ad17-912b2baa918d.pdf,LP; GP; carry; fees
venture-capital-booms-and-start-up-financing,Venture Capital Booms and Start-Up Financing,"William Janeway, Ramana Nanda, Matthew Rhodes-Kropf / Harvard Business School",2021,Working paper / review,Venture Capital and Fundraising,"Bubbles, Booms, and Crashes",Advanced,10,9,recommended,https://www.hbs.edu/ris/Publication%20Files/21-116_c8365ab5-7cad-4ba3-9e02-ddec0191413f.pdf,cycles; booms; financing; startup market
oral-history-with-charles-w-newhall-iii,Oral History with Charles W. Newhall III,Computer History Museum / NVCA,2010,Oral history interview,Venture Capital and Fundraising,Origins of Venture Capital,Intermediate,10,9,recommended,https://archive.computerhistory.org/resources/access/text/2021/05/102792196-05-01-acc.pdf,angel; VC history; Newhall; oral history
oral-history-with-henry-f-mccance,Oral History with Henry F. McCance,Computer History Museum / NVCA,2010,Oral history interview,Venture Capital and Fundraising,Origins of Venture Capital,Intermediate,10,9,recommended,https://archive.computerhistory.org/resources/access/text/2019/03/102781068-05-01-acc.pdf,McCance; angel capital; history; VC
from-the-archives-y-combinator-founders-paul-graham-and-jess,From the Archives: Y Combinator Founders Paul Graham and Jessica Livingston on Studio 1.0,Bloomberg Technology,2014,Interview / recorded conversation,Venture Capital and Fundraising,Angel Investing and Accelerators,Beginner,9,10,recommended,https://www.youtube.com/watch?v=SuoPiiUBcOk,YC; accelerators; Paul Graham; Jessica Livingston
the-determinants-of-corporate-venture-capital-success,The Determinants of Corporate Venture Capital Success,Paul Gompers / NBER,2000,Academic paper,Venture Capital and Fundraising,Corporate VC,Advanced,10,9,recommended,https://www.nber.org/system/files/working_papers/w6725/w6725.pdf,CVC; corporate venture; NBER; history
the-next-new-thing-venture-capital-stories,The Next New Thing: Venture Capital Stories,Computer History Museum,2019,Oral history collection,Venture Capital and Fundraising,Hidden Gems and Lesser-Known Historical Material,Intermediate,10,9,recommended,https://computerhistory.org/stories/the-next-new-thing/,oral history; CHM; stories; VC
startup-growth,Startup = Growth,Paul Graham,2012,Essay,Founder Mental Models,Growth philosophy,Beginner,10,9,recommended,https://www.paulgraham.com/growth.html,growth; compounding; startups; PG
the-2026-ai-index-report,The 2026 AI Index Report,Stanford HAI,2026,Report,AI in Practice,State of the field,Intermediate,10,9,recommended,https://hai.stanford.edu/ai-index/2026-ai-index-report,ai-index; trends; 2026; benchmarks
computing-machinery-and-intelligence,Computing Machinery and Intelligence,Alan Turing,1950,Essay,AI Foundations,Origins of AI,Intermediate,10,7,core,https://academic.oup.com/mind/article/LIX/236/433/986238,ai-history; turing-test; philosophy-of-mind; foundational-essay
deep-learning-nature-2015,Deep Learning (Nature review),"Yann LeCun, Yoshua Bengio, Geoffrey Hinton",2015,Paper,AI Foundations,Surveys & Reviews,Intermediate,10,8,recommended,https://www.nature.com/articles/nature14539,deep-learning; survey; backpropagation; foundational-paper
state-of-gpt,State of GPT,Andrej Karpathy,2023,Talk,AI in Practice,LLM Systems,Intermediate,9,9,recommended,https://www.youtube.com/watch?v=bZQun8Y4L2A,llms; rlhf; training-pipeline; talk; applied-ai
zero-to-one,Zero to One,Peter Thiel with Blake Masters,2014,Book,Startup History,Startup Strategy,Beginner,8,9,core,https://www.penguinrandomhouse.com/books/234730/zero-to-one-by-peter-thiel-with-blake-masters/,startups; strategy; monopoly; contrarian-thinking
inventing-on-principle,Inventing on Principle,Bret Victor,2012,Talk,Product and Design,Interaction Design,Beginner,9,8,core,https://vimeo.com/36579366,design; tools; interaction; creativity; classic-talk
mother-of-all-demos,The Mother of All Demos,Douglas Engelbart,1968,Video,Internet and Big Tech History,Computing History,Beginner,10,7,core,https://www.dougengelbart.org/content/view/209/,computing-history; hci; engelbart; augmentation
marty-cagan-on-the-current-golden-era-for-product-management,Marty Cagan on the Current 'Golden Era' for Product Management,Marty Cagan,2024,Interview,Product and Design,Product leadership,Intermediate,9,9,recommended,https://www.youtube.com/watch?v=lu0a-VRkKeY,product management; product strategy; AI era; outcomes
release-it-michael-nygard-trisha-gee-goto-2023,Release It! • Michael Nygard & Trisha Gee • GOTO 2023,"Michael Nygard, Trisha Gee",2023,Talk / interview,Engineering and Systems,Production systems,Advanced,9,9,recommended,https://www.youtube.com/watch?v=BIuBnLTMkfQ,reliability; production systems; resilience; SRE
shape-up,Shape Up,37signals / Basecamp,2019,Book,Product and Design,Product development process,Intermediate,9,9,recommended,https://basecamp.com/shapeup,shape up; product process; basecamp; book
patterns-of-enterprise-application-architecture,Patterns of Enterprise Application Architecture,Martin Fowler and collaborators,2002,Book / reference,Engineering and Systems,Architecture,Advanced,10,8,recommended,https://martinfowler.com/books/eaa.html,architecture; patterns; enterprise; book
crossing-the-chasm,Crossing the Chasm,Geoffrey A. Moore,2014,Book,Startup History,Market adoption,Intermediate,9,9,recommended,https://www.harpercollins.com/products/crossing-the-chasm-3rd-edition-geoffrey-a-moore,gtm; adoption; market entry; book
startup-school,Startup School,Y Combinator,2022,Course,Startup History,Startup curriculum,Beginner,9,9,recommended,https://www.ycombinator.com/blog/startup-school,yc; course; founders; startup
creative-capital-georges-doriot-and-the-birth-of-venture-cap,Creative Capital: Georges Doriot and the Birth of Venture Capital,Spencer E. Ante / Harvard Business Press,2008,Book,Venture Capital and Fundraising,Origins of Venture Capital,Intermediate,9,9,recommended,https://books.google.com/books/about/Creative_Capital.html?id=Pex8b-qNoL8C,Doriot; ARD; origin; biography
how-venture-capital-works,How Venture Capital Works,Harvard Business Review,1998,Article,Venture Capital and Fundraising,Startup Financing and Fundraising History,Beginner,9,9,recommended,https://hbr.org/1998/11/how-venture-capital-works,VC basics; HBR; funds; exits
financing-new-ideas,Financing New Ideas,Harvard Business School / Georges F. Doriot exhibit,2010,Historical exhibit / essay,Venture Capital and Fundraising,Origins of Venture Capital,Beginner,10,8,recommended,https://www.library.hbs.edu/hc/doriot/innovation-vc/financing-new-ideas/,ARD; Doriot; HBS; history
origins-of-high-tech-venture-investing-in-america,Origins of High-Tech Venture Investing in America,Tom Nicholas / Harvard Business School,2016,Working paper,Venture Capital and Fundraising,Origins of Venture Capital,Advanced,10,8,recommended,https://www.hbs.edu/ris/Publication%20Files/VC_Tech_4b7a1b2a-ef2a-4867-a41e-2ba84cb120f2.pdf,history; technology; capital; origins
sequoia-capital-part-1,Sequoia Capital (Part 1),Acquired,2019,Podcast episode / long-form audio,Venture Capital and Fundraising,Major Firms and Legendary Investors,Intermediate,9,9,recommended,https://www.acquired.fm/episodes/sequoia-capital-part-1,Sequoia; Acquired; firm history; VC
chris-douvos-limited-partners-and-funds-of-funds,Chris Douvos: Limited Partners and Funds of Funds,Stanford / Entrepreneurship Through the Lens of Venture Capital,2015,Recorded lecture,Venture Capital and Fundraising,LP/GP Fundraising History,Intermediate,9,9,recommended,https://www.youtube.com/watch?v=sFGX2iPxc9Y,LP; fund of funds; Stanford; fundraising
dalton-caldwell-incubators-accelerators-and-y-combinator,"Dalton Caldwell: Incubators, Accelerators, and Y Combinator",Stanford,2015,Recorded lecture,Venture Capital and Fundraising,Angel Investing and Accelerators,Intermediate,9,9,recommended,https://www.youtube.com/watch?v=evATPGQq3oc,YC; accelerator; incubator; Stanford
the-entrepreneurial-state,The Entrepreneurial State,Mariana Mazzucato,2013,Book,Venture Capital and Fundraising,VC Critiques and Controversies,Intermediate,9,9,recommended,https://marianamazzucato.com/books/the-entrepreneurial-state/,critique; state; innovation policy; VC
pioneers-of-venture-capital,Pioneers of Venture Capital,Computer History Museum,2002,Recorded panel,Venture Capital and Fundraising,Hidden Gems and Lesser-Known Historical Material,Intermediate,10,8,recommended,https://www.youtube.com/watch?v=ult7VFgxiKo,pioneers; VC history; panel; Silicon Valley
high-output-management,High Output Management,Andy Grove,1983,Book,Founder Mental Models,Management,Intermediate,9,9,recommended,,management; intel; leverage; operations
amazon-shareholder-letters,Amazon Shareholder Letters,Jeff Bezos,1997,Letters,Startup History,Operating philosophy,Beginner,9,9,recommended,https://www.aboutamazon.com/news/company-news/2020-letter-to-shareholders,amazon; bezos; operating; long-term
7-powers-the-foundations-of-business-strategy,7 Powers: The Foundations of Business Strategy,Hamilton Helmer,2016,Book,Startup History,Moats & strategy,Intermediate,9,9,recommended,,strategy; moats; competition; frameworks
aggregation-theory,Aggregation Theory,Ben Thompson (Stratechery),2015,Essay,Startup History,Platform strategy,Intermediate,9,9,recommended,https://stratechery.com/2015/aggregation-theory/,aggregation; platforms; stratechery; strategy
bitcoin-a-peer-to-peer-electronic-cash-system,Bitcoin: A Peer-to-Peer Electronic Cash System,Satoshi Nakamoto,2008,Whitepaper,Crypto and Web3,Origins,Intermediate,10,8,recommended,https://bitcoin.org/bitcoin.pdf,bitcoin; blockchain; cryptography; whitepaper
chip-war-the-fight-for-the-world-s-most-critical-technology,Chip War: The Fight for the World's Most Critical Technology,Chris Miller,2022,Book,Hardware and Compute,Geopolitics of semiconductors,Intermediate,9,9,recommended,,semiconductors; tsmc; geopolitics; supply-chain
ai-engineering-building-applications-with-foundation-models,AI Engineering: Building Applications with Foundation Models,Chip Huyen,2025,Book,AI in Practice,Building with AI,Intermediate,9,9,recommended,,ai-engineering; rag; agents; evaluation
alexnet-imagenet-2012,ImageNet Classification with Deep Convolutional Neural Networks (AlexNet),"Alex Krizhevsky, Ilya Sutskever, Geoffrey Hinton",2012,Paper,AI Foundations,Deep Learning Architectures,Advanced,10,7,recommended,https://papers.nips.cc/paper/2012/hash/c399862d3b9d6b76c8436e924a68c45b-Abstract.html,deep-learning; computer-vision; cnn; foundational-paper; imagenet
andrew-ng-machine-learning,Machine Learning (Stanford CS229 / Coursera),Andrew Ng,2011,Course,AI Foundations,Fundamentals,Intermediate,9,8,recommended,https://www.coursera.org/specializations/machine-learning-introduction,machine-learning; fundamentals; course; supervised-learning
mythical-man-month,The Mythical Man-Month,Fred Brooks,1975,Book,Engineering and Systems,Software Project Management,Beginner,9,8,recommended,,software-engineering; management; classic; team-building
concurrency-is-not-parallelism,Concurrency Is Not Parallelism,Rob Pike,2012,Talk,Engineering and Systems,Concurrency,Intermediate,9,8,recommended,https://go.dev/blog/waza-talk,concurrency; parallelism; go; talk; systems
time-clocks-ordering-lamport,"Time, Clocks, and the Ordering of Events in a Distributed System",Leslie Lamport,1978,Paper,Engineering and Systems,Distributed Systems,Advanced,10,7,recommended,https://lamport.azurewebsites.net/pubs/time-clocks.pdf,distributed-systems; logical-clocks; foundational-paper; theory
end-to-end-arguments,End-to-End Arguments in System Design,"J. Saltzer, D. Reed, D. Clark",1984,Paper,Engineering and Systems,System Design Principles,Advanced,10,7,reviewed,https://web.mit.edu/Saltzer/www/publications/endtoend/endtoend.pdf,system-design; internet-architecture; foundational-paper; principles
sicp,Structure and Interpretation of Computer Programs (SICP),"Harold Abelson, Gerald Jay Sussman, Julie Sussman",1985,Book,Engineering and Systems,Programming Foundations,Advanced,10,7,recommended,https://mitpress.mit.edu/9780262510875/structure-and-interpretation-of-computer-programs/,programming; abstraction; computer-science; classic-textbook
makers-schedule-managers-schedule,"Maker's Schedule, Manager's Schedule",Paul Graham,2009,Essay,Founder Mental Models,Productivity & Focus,Beginner,9,8,recommended,https://paulgraham.com/makersschedule.html,productivity; focus; deep-work; essay
inspired-cagan,Inspired: How to Create Tech Products Customers Love,Marty Cagan,2017,Book,Product and Design,Product Management,Intermediate,8,9,recommended,https://www.wiley.com/en-us/INSPIRED%3A+How+to+Create+Tech+Products+Customers+Love%2C+2nd+Edition-p-9781119387503,product-management; product-discovery; teams; tech-products
secrets-of-sand-hill-road,Secrets of Sand Hill Road,Scott Kupor,2019,Book,Venture Capital and Fundraising,How VC Works,Intermediate,8,9,recommended,,venture-capital; fundraising; term-sheets; fund-economics
venture-deals,Venture Deals,"Brad Feld, Jason Mendelson",2011,Book,Venture Capital and Fundraising,Term Sheets & Mechanics,Intermediate,8,9,recommended,,venture-capital; term-sheets; negotiation; fundraising
as-we-may-think,As We May Think,Vannevar Bush,1945,Essay,Internet and Big Tech History,Foundational Vision,Intermediate,10,7,recommended,https://www.theatlantic.com/magazine/archive/1945/07/as-we-may-think/303881/,internet-history; memex; hypertext; foundational-essay
the-computer-chronicles-the-internet-1993,The Computer Chronicles - The Internet (1993),The Computer Chronicles,1993,TV episode,Documentary and Long-Form Media,Web history,Beginner,9,8,recommended,https://www.youtube.com/watch?v=U_o8gerare0,internet history; early web; Computer Chronicles; archival video
the-machine-that-changed-the-world-episode-1-great-brains,The Machine That Changed the World - Episode 1: Great Brains,WGBH / BBC,1992,Documentary episode,Documentary and Long-Form Media,Computer history documentary,Beginner,9,8,recommended,https://www.youtube.com/watch?v=gOx3TKl-ScU,computer history; documentary; pioneers; hardware
the-machine-that-changed-the-world-episode-2-inventing-the-f,The Machine That Changed the World - Episode 2: Inventing the Future,WGBH / BBC,1992,Documentary episode,Documentary and Long-Form Media,Historical computing demo,Beginner,9,8,recommended,https://www.youtube.com/watch?v=8KnkeON3UEE,computer history; documentary; software; personal computing
inside-apple-software-design,Inside Apple Software Design,a16z / Ken Kocienda,2019,Podcast interview,Product and Design,Interview / software history,Intermediate,9,8,recommended,https://a16z.com/podcast/inside-apple-software-design/,apple; software design; interview; podcast
design-thinking-human-centered-innovation,Design Thinking: Human-Centered Innovation,IDEO,,Article / resource hub,Product and Design,Human-centered design,Beginner,9,8,recommended,https://designthinking.ideo.com/,design thinking; ideo; human-centered; framework
andrew-ng-building-faster-with-ai,Building Faster with AI,Andrew Ng,,Talk,AI in Practice,Building with AI,Intermediate,9,8,recommended,https://www.youtube.com/watch?v=RNJCfif1dPY,applied-ai; agents; productivity; andrew-ng; building
a-survey-of-venture-capital-research,A survey of venture capital research,"Marco Da Rin, Thomas Hellmann, Manju Puri / NBER",2011,Survey article,Venture Capital and Fundraising,Core Historical Foundations,Advanced,9,8,recommended,https://www.nber.org/system/files/working_papers/w17523/w17523.pdf,survey; research; venture capital; NBER
roundtable-summary-towards-a-better-aligned-private-equity-w,Roundtable Summary: Towards a Better Aligned Private Equity World: Perspectives of Limited and General Partners,Harvard Business School / ILPA,2016,Roundtable summary,Venture Capital and Fundraising,LP/GP Fundraising History,Intermediate,9,8,recommended,https://www.hbs.edu/private-capital/Documents/ILPA-PCRI-Roundtable-2016.pdf,alignment; LPs; governance; private equity
venture-capital-angel-financing-and-crowdfunding-of-entrepre,"Venture capital, angel financing, and crowdfunding of entrepreneurial ventures: a literature review","Johannes Wallmeroth, Peter Wirtz, Alexander Peter Groh",2018,Literature review,Venture Capital and Fundraising,Angel Investing and Accelerators,Advanced,9,8,recommended,https://ideas.repec.org/a/now/fntent/0300000066.html,angel investing; crowdfunding; literature review; finance
corporate-venture-capital-as-a-real-option-in-the-markets-fo,Corporate Venture Capital as a Real Option in the Markets for Technology,M. Ceccagnoli et al. / NBER,2015,Academic paper,Venture Capital and Fundraising,Corporate VC,Advanced,9,8,recommended,https://www.nber.org/system/files/working_papers/w21424/w21424.pdf,CVC; real options; technology; strategy
have-secondaries-reached-a-tipping-point,Have Secondaries Reached a Tipping Point?,Bain & Company,2024,Report / article,Venture Capital and Fundraising,Secondary Markets and Continuation Funds,Intermediate,9,8,recommended,https://www.bain.com/insights/have-secondaries-reached-a-tipping-point-global-private-equity-report-2024/,secondaries; liquidity; Bain; private markets
secondary-market-2024-recap-outlook-for-2025,Secondary Market: 2024 Recap & Outlook for 2025,Coller Capital,2024,Industry report / interview,Venture Capital and Fundraising,Secondary Markets and Continuation Funds,Intermediate,9,8,recommended,https://www.collercapital.com/2024-market-recap-2025-outlook/,continuation funds; secondaries; Coller; GP-led
venture-capital-in-the-valley-past-present-future,"Venture Capital in the Valley: Past, Present & Future",Computer History Museum / Something Ventured,2011,Panel discussion,Venture Capital and Fundraising,Hidden Gems and Lesser-Known Historical Material,Beginner,9,8,recommended,https://www.youtube.com/watch?v=l_MW7PbuwlE,panel; Valley; history; VC
founder-mode,Founder Mode,Paul Graham,2024,Essay,Founder Mental Models,Leadership,Intermediate,9,8,recommended,https://www.paulgraham.com/foundermode.html,founder mode; management; scaling; culture
machines-of-loving-grace,Machines of Loving Grace,Dario Amodei,2024,Essay,AI in Practice,AI optimism,Intermediate,9,8,recommended,https://darioamodei.com/machines-of-loving-grace,ai-optimism; biology; progress; anthropic
alphago,AlphaGo,Greg Kohs (dir.) / DeepMind,2017,Documentary,Documentary and Long-Form Media,AI milestones,Beginner,9,8,recommended,,alphago; deepmind; go; documentary
why-software-is-eating-the-world,Why Software Is Eating the World,Marc Andreessen,2011,Essay,Startup History,Tech theses,Beginner,9,8,recommended,https://a16z.com/2011/08/20/why-software-is-eating-the-world/,software; disruption; a16z; thesis
only-the-paranoid-survive,Only the Paranoid Survive,Andy Grove,1996,Book,Startup History,Strategy under change,Intermediate,9,8,recommended,,strategy; inflection-point; intel; change
no-silver-bullet-essence-and-accident-in-software-engineerin,No Silver Bullet — Essence and Accident in Software Engineering,Fred Brooks,1986,Essay,Engineering and Systems,Software essence,Intermediate,9,8,recommended,,software-engineering; complexity; productivity; classic
reflections-on-trusting-trust,Reflections on Trusting Trust,Ken Thompson,1984,Lecture / essay,Engineering and Systems,Security,Advanced,10,7,recommended,,security; trust; supply-chain; turing-lecture
site-reliability-engineering-the-sre-book,Site Reliability Engineering (The SRE Book),"Google (Beyer, Jones, Petoff, Murphy, eds.)",2016,Book,Engineering and Systems,Operations,Advanced,9,8,recommended,https://sre.google/sre-book/table-of-contents/,sre; reliability; slo; operations
bad-blood-secrets-and-lies-in-a-silicon-valley-startup,Bad Blood: Secrets and Lies in a Silicon Valley Startup,John Carreyrou,2018,Book,Internet and Big Tech History,Fraud & cautionary tales,Beginner,9,8,recommended,,theranos; fraud; governance; cautionary
thinking-fast-and-slow,"Thinking, Fast and Slow",Daniel Kahneman,2011,Book,Founder Mental Models,Decision-making,Intermediate,9,8,recommended,,behavioral-econ; biases; decision-making; psychology
cramming-more-components-onto-integrated-circuits,Cramming More Components onto Integrated Circuits,Gordon Moore,1965,Paper,Hardware and Compute,Foundational,Intermediate,10,7,recommended,,moores-law; semiconductors; scaling; classic
how-the-world-really-works,How the World Really Works,Vaclav Smil,2022,Book,"Climate, Energy, and Deep Tech",Energy realism,Intermediate,9,8,recommended,,energy; materials; climate; realism
the-adolescence-of-technology,The Adolescence of Technology,Dario Amodei,2026,Essay,AI in Practice,AI risk & governance,Intermediate,9,8,recommended,https://darioamodei.com/essay/the-adolescence-of-technology,ai-safety; governance; anthropic; 2026
out-of-the-tar-pit,Out of the Tar Pit,"Ben Moseley, Peter Marks",2006,Paper,Engineering and Systems,Software Complexity,Advanced,8,8,reviewed,https://curtclifton.net/papers/MoseleyMarks06a.pdf,complexity; software-design; state; foundational-paper
founders-at-work,Founders at Work,Jessica Livingston,2007,Book,Startup History,First-hand Accounts,Beginner,8,8,recommended,,startups; founders; interviews; history
poor-charlies-almanack,Poor Charlie's Almanack,Charlie Munger (ed. Peter Kaufman),2005,Book,Founder Mental Models,Decision-Making,Intermediate,8,8,recommended,,mental-models; decision-making; investing; wisdom
soul-of-a-new-machine,The Soul of a New Machine,Tracy Kidder,1981,Book,Internet and Big Tech History,Engineering Culture,Beginner,9,7,recommended,,engineering-culture; hardware; teams; narrative
general-magic-documentary,General Magic,"Sarah Kerruish, Matt Maude",2018,Documentary,Documentary and Long-Form Media,Startup Stories,Beginner,8,7,core,https://www.generalmagicthemovie.com/,documentary; startups; failure; smartphone-history
how-to-get-startup-ideas,How to Get Startup Ideas,Paul Graham,2024,Video reading / commentary,Founder Mental Models,Startup ideas,Beginner,8,8,reviewed,https://www.youtube.com/watch?v=FlCWg-KkUN4,startup ideas; Paul Graham; founder discovery; problem selection
the-playbook-lessons-from-200-company-stories,The Playbook: Lessons from 200+ Company Stories,Acquired,2022,Podcast episode,Documentary and Long-Form Media,Podcast / company history,Intermediate,8,8,reviewed,https://www.acquired.fm/episodes/the-playbook-lessons-from-200-company-stories?96ed0d79_page=20,acquired; company history; strategy; podcast
rice-simple-prioritization-for-product-managers,RICE: Simple prioritization for product managers,Intercom,2018,Essay / framework,Product and Design,Prioritization,Beginner,8,8,reviewed,https://www.intercom.com/blog/rice-simple-prioritization-for-product-managers/,prioritization; product; framework; rice
clean-code,Clean Code,Robert C. Martin,2008,Book,Engineering and Systems,Code quality,Intermediate,8,8,reviewed,https://www.pearson.com/en-us/subject-catalog/p/clean-code-a-handbook-of-agile-software-craftsmanship/P200000009044/9780136083252,clean code; craft; engineering; book
scaling-up-excellence,Scaling Up Excellence,"Robert I. Sutton, Huggy Rao",2014,Book,Startup History,Scaling,Intermediate,8,8,reviewed,https://www.penguinrandomhouse.com/books/222302/scaling-up-excellence-by-robert-i-sutton-and-huggy-rao/,scaling; operations; growth; book
the-startup-way,The Startup Way,Eric Ries,2017,Book,Startup History,Enterprise innovation,Intermediate,8,8,reviewed,https://www.penguinrandomhouse.com/books/250646/the-startup-way-by-eric-ries/,innovation; enterprise; lean; book
cold-start-problem-andrew-chen,The Cold Start Problem: How to Start and Scale Network Effects,Andrew Chen,,Talk,Startup History,Network effects & growth,Intermediate,8,8,recommended,https://youtu.be/TSnYO34b3TA,network-effects; growth; startups; go-to-market; andrew-chen
how-y-combinator-started-the-origin-story-and-early-days,How Y Combinator Started - The Origin Story and Early Days,Paul Graham / YC commentary,2012,Video essay / commentary,Venture Capital and Fundraising,Angel Investing and Accelerators,Beginner,8,8,reviewed,https://www.youtube.com/watch?v=lhA42gSdjNQ,YC; origin story; accelerators; Paul Graham
lp-and-gp-led-secondaries-navigating-different-fund-styles-a,LP and GP led secondaries: Navigating different fund styles and continuation funds,Industry video,2024,Video,Venture Capital and Fundraising,Secondary Markets and Continuation Funds,Intermediate,8,8,reviewed,https://www.youtube.com/watch?v=2CdilCvKc0c,secondaries; continuation fund; LP-led; GP-led
the-myths-of-venture-capital,The Myths of Venture Capital,INET Economics / Julia Ott,2023,Interview video,Venture Capital and Fundraising,VC Critiques and Controversies,Intermediate,8,8,reviewed,https://www.ineteconomics.org/perspectives/videos/the-myths-of-venture-capital,critique; myths; INET; VC history
venture-capital-and-the-making-of-asset-driven-inequalities,venture capital and the making of asset-driven inequalities,Finance and Society / academic article,2025,Academic article,Venture Capital and Fundraising,VC Critiques and Controversies,Advanced,9,7,reviewed,https://www.cambridge.org/core/journals/finance-and-society/article/rapacious-ambivalence-of-vc-investment-venture-capital-value-capture-and-the-valorization-of-crisis/7A7C156AB0959AF85F2656FF2C635211,inequality; distribution; critique; VC
how-to-raise-a-venture-capital-fund,How to Raise a Venture Capital Fund,Winter Mead / Coolwater Capital,2021,Book and interviews,Venture Capital and Fundraising,LP/GP Fundraising History,Intermediate,8,8,reviewed,https://howtosetupaventurecapitalfund.com/,fundraising; LPs; emerging managers; VC fund
1-000-true-fans,"1,000 True Fans",Kevin Kelly,2008,Essay,Founder Mental Models,Creator economy,Beginner,8,8,recommended,https://kk.org/thetechnium/1000-true-fans/,creator-economy; niche; distribution; monetization
a-philosophy-of-software-design,A Philosophy of Software Design,John Ousterhout,2018,Book,Engineering and Systems,Design,Intermediate,8,8,reviewed,,software-design; complexity; abstraction; craft
the-everything-store-jeff-bezos-and-the-age-of-amazon,The Everything Store: Jeff Bezos and the Age of Amazon,Brad Stone,2013,Book,Internet and Big Tech History,Company history,Beginner,8,8,recommended,,amazon; bezos; company-history; strategy
the-dream-machine,The Dream Machine,M. Mitchell Waldrop,2001,Book,Internet and Big Tech History,Computing history,Intermediate,9,7,recommended,,licklider; arpa; computing-history; internet
amazon-s-antitrust-paradox,Amazon's Antitrust Paradox,Lina Khan,2017,Law journal article,Internet and Big Tech History,Antitrust & regulation,Advanced,9,7,recommended,https://www.yalelawjournal.org/note/amazons-antitrust-paradox,antitrust; amazon; regulation; policy
competing-against-luck-jobs-to-be-done,Competing Against Luck (Jobs to Be Done),Clayton Christensen et al.,2016,Book,Product and Design,Jobs to be Done,Intermediate,8,8,reviewed,,jtbd; product; innovation; demand
ethereum-whitepaper,Ethereum Whitepaper,Vitalik Buterin,2014,Whitepaper,Crypto and Web3,Smart contracts,Advanced,9,7,reviewed,https://ethereum.org/en/whitepaper/,ethereum; smart-contracts; web3; whitepaper
acquired-tsmc,Acquired: TSMC,Acquired (Ben Gilbert & David Rosenthal),2021,Podcast episode,Hardware and Compute,Company deep-dive,Intermediate,8,8,recommended,,tsmc; foundry; acquired; strategy
acquired-nvidia,Acquired: NVIDIA,Acquired (Ben Gilbert & David Rosenthal),2022,Podcast episode,Hardware and Compute,Company deep-dive,Intermediate,8,8,recommended,,nvidia; gpu; cuda; ai-infrastructure
the-idea-factory-bell-labs-and-the-great-age-of-american-inn,The Idea Factory: Bell Labs and the Great Age of American Innovation,Jon Gertner,2012,Book,Hardware and Compute,Innovation history,Intermediate,9,7,recommended,,bell-labs; r-and-d; innovation; transistor
the-prize-the-epic-quest-for-oil-money-power,"The Prize: The Epic Quest for Oil, Money & Power",Daniel Yergin,1990,Book,"Climate, Energy, and Deep Tech",Energy history,Advanced,9,7,reviewed,,energy; oil; geopolitics; history
the-gitlab-handbook-all-remote,The GitLab Handbook (All-Remote),GitLab,2020,Public handbook,Future of Work and Labor,Remote operations,Beginner,8,8,reviewed,https://handbook.gitlab.com/handbook/company/culture/all-remote/,remote-work; handbook; async; operations
recoding-america,Recoding America,Jennifer Pahlka,2023,Book,"Defense, Gov, and Public Tech",Govtech,Intermediate,8,8,recommended,,govtech; state-capacity; delivery; policy
the-state-of-ai-report-2025,The State of AI Report 2025,Nathan Benaich / Air Street Capital,2025,Report,AI in Practice,State of the field,Intermediate,8,8,recommended,https://www.stateof.ai/,state-of-ai; market; compute; report
cathedral-and-the-bazaar,The Cathedral and the Bazaar,Eric S. Raymond,1999,Essay,Engineering and Systems,Open Source,Beginner,8,7,reviewed,http://www.catb.org/~esr/writings/cathedral-bazaar/,open-source; software-culture; linux; essay
naval-how-to-get-rich,How to Get Rich (without getting lucky),Naval Ravikant,2019,Podcast Series,Founder Mental Models,Leverage & Wealth,Beginner,7,8,recommended,https://nav.al/rich,leverage; wealth; mental-models; podcast
dieter-rams-ten-principles,Ten Principles for Good Design,Dieter Rams,,Reference,Product and Design,Design Philosophy,Beginner,8,7,reviewed,https://www.vitsoe.com/us/about/good-design,design; principles; minimalism; product-design
hackers-heroes-levy,Hackers: Heroes of the Computer Revolution,Steven Levy,1984,Book,Internet and Big Tech History,Computing Culture,Beginner,8,7,reviewed,,hacker-culture; computing-history; mit; personal-computing
the-innovators-isaacson,The Innovators,Walter Isaacson,2014,Book,Internet and Big Tech History,Computing History,Beginner,8,7,reviewed,https://www.penguinrandomhouse.com/books/617365/los-innovadores--the-innovators-by-walter-isaacson/,computing-history; innovation; collaboration; narrative
how-will-you-measure-your-life,How Will You Measure Your Life?,"Clayton M. Christensen, James Allworth, Karen Dillon",2012,Book,Founder Mental Models,Life and leadership,Beginner,8,7,reviewed,https://www.harpercollins.com/products/how-will-you-measure-your-life-clayton-m-christensenjames-allworthkaren-dillon,leadership; culture; christensen; book
what-you-do-is-who-you-are,What You Do Is Who You Are,Ben Horowitz,2019,Book,Founder Mental Models,Enterprise transformation,Intermediate,8,7,reviewed,https://www.harpercollins.com/products/what-you-do-is-who-you-are-ben-horowitz,culture; leadership; organization; book
cs221-ai-history,AI History (Stanford CS221: Artificial Intelligence),Stanford CS221 / Stanford Online,2021,Lecture (Video),AI Foundations,History of AI,Intermediate,9,6,reviewed,https://www.youtube.com/watch?v=z8fEXuH0mu0,ai-history; stanford; cs221; foundations
ai-engineer-conference,AI Engineer (Conferences & Talk Library),AI Engineer,,Conference / Video Hub,AI in Practice,Community & talks,Intermediate,7,8,recommended,https://www.ai.engineer,ai-engineering; llms; agents; conference; applied-ai
startup-com-documentary,Startup.com,"Chris Hegedus, Jehane Noujaim (dir.)",2001,Documentary,Documentary and Long-Form Media,Startup Stories,Beginner,8,7,recommended,,documentary; startups; dot-com; failure; co-founders
silicon-cowboys-documentary,Silicon Cowboys,Jason Cohen (dir.),2016,Documentary,Documentary and Long-Form Media,Startup Stories,Beginner,8,7,recommended,,documentary; startups; compaq; pc-history; competition
situational-awareness-the-decade-ahead,Situational Awareness: The Decade Ahead,Leopold Aschenbrenner,2024,Essay series,AI in Practice,AGI forecasting,Intermediate,7,8,recommended,https://situational-awareness.ai/,agi; scaling; timelines; national-security
superintelligence-paths-dangers-strategies,"Superintelligence: Paths, Dangers, Strategies",Nick Bostrom,2014,Book,AI in Practice,AI risk,Advanced,8,7,recommended,,ai-safety; x-risk; alignment; philosophy
on-the-dangers-of-stochastic-parrots,On the Dangers of Stochastic Parrots,"Bender, Gebru, McMillan-Major, Shmitchell",2021,Paper,AI Foundations,AI ethics,Advanced,8,7,reviewed,https://dl.acm.org/doi/10.1145/3442188.3445922,llms; ai-ethics; bias; critique
sparks-of-artificial-general-intelligence-early-experiments,Sparks of Artificial General Intelligence: Early experiments with GPT-4,Bubeck et al. (Microsoft Research),2023,Paper,AI Foundations,Capability evaluation,Advanced,8,7,reviewed,https://arxiv.org/abs/2303.12712,gpt-4; agi; evaluation; emergence
the-coming-wave,The Coming Wave,Mustafa Suleyman,2023,Book,AI in Practice,AI and society,Intermediate,8,7,reviewed,,ai-governance; biotech; containment; policy
it-s-time-to-build,It's Time to Build,Marc Andreessen,2020,Essay,Founder Mental Models,Builder culture,Beginner,8,7,recommended,https://a16z.com/its-time-to-build/,builder-culture; progress; institutions; agency
the-almanack-of-naval-ravikant,The Almanack of Naval Ravikant,Eric Jorgenson,2020,Book,Founder Mental Models,Wealth & judgment,Beginner,7,8,recommended,https://www.navalmanack.com/,naval; leverage; wealth; philosophy
obviously-awesome,Obviously Awesome,April Dunford,2019,Book,Product and Design,Positioning,Beginner,7,8,reviewed,,positioning; gtm; category; marketing
the-rise-of-worse-is-better,The Rise of Worse Is Better,Richard P. Gabriel,1991,Essay,Engineering and Systems,Design philosophy,Intermediate,8,7,reviewed,https://www.dreamsongs.com/RiseOfWorseIsBetter.html,design; simplicity; tradeoffs; philosophy
the-twelve-factor-app,The Twelve-Factor App,Adam Wiggins / Heroku,2011,Reference,Engineering and Systems,Cloud-native,Intermediate,8,7,reviewed,https://12factor.net/,cloud-native; devops; saas; architecture
the-age-of-surveillance-capitalism,The Age of Surveillance Capitalism,Shoshana Zuboff,2019,Book,Internet and Big Tech History,Tech critique,Advanced,8,7,reviewed,,surveillance; privacy; ad-tech; critique
weapons-of-math-destruction,Weapons of Math Destruction,Cathy O'Neil,2016,Book,AI in Practice,Algorithmic harm,Beginner,8,7,reviewed,,algorithmic-bias; fairness; ml; accountability
the-attention-merchants,The Attention Merchants,Tim Wu,2016,Book,Internet and Big Tech History,Attention economy,Intermediate,8,7,reviewed,,attention; media; advertising; history
the-beginning-of-infinity,The Beginning of Infinity,David Deutsch,2011,Book,Founder Mental Models,Epistemology & progress,Advanced,8,7,reviewed,,progress; epistemology; optimism; philosophy
the-scalability-trilemma,The Scalability Trilemma,Vitalik Buterin,2021,Essay / concept,Crypto and Web3,Scaling vs decentralization,Advanced,8,7,reviewed,,scalability; decentralization; rollups; trilemma
stripe-climate-advance-market-commitments-frontier,Stripe Climate & Advance Market Commitments (Frontier),Stripe / Frontier,2020,Initiative / essay,"Climate, Energy, and Deep Tech",Carbon removal,Intermediate,8,7,reviewed,https://stripe.com/climate,carbon-removal; amc; frontier; climate-tech
ai-superpowers-china-silicon-valley-and-the-new-world-order,"AI Superpowers: China, Silicon Valley, and the New World Order",Kai-Fu Lee,2018,Book,Global Tech and Non-US Ecosystems,China & US AI,Beginner,8,7,recommended,,china; ai; geopolitics; ecosystems
state-of-european-tech,State of European Tech,Atomico,2024,Annual report,Global Tech and Non-US Ecosystems,Europe,Beginner,8,7,reviewed,https://stateofeuropeantech.com/,europe; venture; ecosystem; data
unit-x-how-the-pentagon-and-silicon-valley-are-transforming,Unit X: How the Pentagon and Silicon Valley Are Transforming the Future of War,Raj M. Shah & Christopher Kirchhoff,2024,Book,"Defense, Gov, and Public Tech",Defense innovation,Intermediate,8,7,recommended,,defense-tech; pentagon; procurement; diu
the-kill-chain-defending-america-in-the-future-of-high-tech,The Kill Chain: Defending America in the Future of High-Tech Warfare,Christian Brose,2020,Book,"Defense, Gov, and Public Tech",Future of warfare,Intermediate,8,7,recommended,,defense; autonomy; software; strategy
the-gentle-singularity,The Gentle Singularity,Sam Altman,2025,Essay,AI in Practice,AI vision,Beginner,8,7,recommended,https://blog.samaltman.com/the-gentle-singularity,agi; optimism; openai; singularity
empire-of-ai,Empire of AI,Karen Hao,2025,Book,AI in Practice,Power & institutions,Beginner,8,7,recommended,,openai; power; labor; critique
nvidia-gtc-2026-keynote-the-age-of-physical-ai,NVIDIA GTC 2026 Keynote: The Age of Physical AI,Jensen Huang / NVIDIA,2026,Keynote,Hardware and Compute,Compute & robotics,Intermediate,8,7,recommended,https://www.nvidia.com/gtc/keynote/,nvidia; physical-ai; robotics; compute
the-genius-act,The GENIUS Act,U.S. Congress,2025,Legislation,Crypto and Web3,Regulation,Intermediate,8,7,reviewed,https://en.wikipedia.org/wiki/GENIUS_Act,stablecoins; regulation; crypto-policy; 2025
where-wizards-stay-up-late,Where Wizards Stay Up Late: The Origins of the Internet,"Katie Hafner, Matthew Lyon",1996,Book,Internet and Big Tech History,Internet Origins,Beginner,8,6,reviewed,,internet-history; arpanet; packet-switching; networking
steve-jobs-stanford-2005,Stanford Commencement Address (2005),Steve Jobs,2005,Talk,Founder Mental Models,Vision & Motivation,Beginner,8,6,reviewed,https://news.stanford.edu/2005/06/12/youve-got-find-love-jobs-says/,motivation; vision; career; classic-talk
design-sprint-masterclass,Design Sprint Masterclass,AJ&Smart,,Course,Product and Design,Design practice,Beginner,7,7,reviewed,https://go.ajsmart.com/masterclass,design sprint; facilitation; workshop; course
the-clean-coder,The Clean Coder,Robert C. Martin,2011,Book,Engineering and Systems,Team practices,Intermediate,7,7,reviewed,https://www.pearson.com/en-us/subject-catalog/p/clean-coder-the-a-code-of-conduct-for-professional-programmers/P200000009045/9780132542883,professionalism; engineering; book; craft
cs106e-ai-machine-learning-notes,AI & Machine Learning (Stanford CS106E Lecture Notes),Stanford CS106E,,Lecture Notes (PDF),AI Foundations,Intro explainers,Beginner,8,6,reviewed,https://web.stanford.edu/class/cs106e/lectureNotes/L23NAIMachineLearning.pdf,ai; machine-learning; intro; stanford; lecture-notes
cmu-15780-intro-ai,Introduction to Graduate Artificial Intelligence (CMU 15-780),Carnegie Mellon University 15-780,,Lecture Slides (PDF),AI Foundations,Course material,Advanced,8,6,reviewed,https://www.cs.cmu.edu/~15780/15-780_files/lecture_slides/Lecture1_intro.pdf,ai; cmu; graduate-course; foundations
allan-dafoe-ai-talks,Allan Dafoe — AI Governance & Safety Talks,Allan Dafoe,,Talk Collection,AI in Practice,AI safety & governance,Intermediate,8,6,reviewed,https://www.allandafoe.com/ai-talks,ai-safety; ai-governance; policy; deepmind
ui-talks-product-management,UI Talks — Product Management (Curated Collection),UI Patterns (UI Talks),,Talk Collection,Product and Design,Product management,Intermediate,7,7,reviewed,https://talks.ui-patterns.com/topics/product-management,product-management; talks; curated; strategy
the-intelligence-age,The Intelligence Age,Sam Altman,2024,Essay,AI in Practice,AI vision,Beginner,7,7,reviewed,https://ia.samaltman.com/,ai; abundance; platform-shift; openai
super-founders,Super Founders,Ali Tamaseb,2021,Book,Startup History,Founder data,Intermediate,7,7,reviewed,,founders; data; unicorns; myths
hooked-how-to-build-habit-forming-products,Hooked: How to Build Habit-Forming Products,Nir Eyal,2014,Book,Product and Design,Behavioral design,Beginner,7,7,reviewed,,habits; engagement; behavioral-design; ethics
the-tyranny-of-the-marginal-user,The Tyranny of the Marginal User,Ivan Vendrov,2022,Essay,Product and Design,Product decay,Intermediate,7,7,recommended,https://nothinghuman.substack.com/p/the-tyranny-of-the-marginal-user,product; metrics; enshittification; ux
valley-of-genius,Valley of Genius,Adam Fisher,2018,Book,Internet and Big Tech History,Oral history,Beginner,7,7,reviewed,,oral-history; silicon-valley; lore; history
the-social-network,The Social Network,David Fincher (dir.) / Aaron Sorkin,2010,Film,Documentary and Long-Form Media,Founder mythology,Beginner,7,7,recommended,,facebook; film; founders; culture
meditations-on-moloch,Meditations on Moloch,Scott Alexander,2014,Essay,Founder Mental Models,Coordination & game theory,Advanced,7,7,reviewed,https://slatestarcodex.com/2014/07/30/meditations-on-moloch/,coordination; game-theory; incentives; rationalism
web3-is-going-just-great,Web3 Is Going Just Great,Molly White,2021,Website / running ledger,Crypto and Web3,Critique,Beginner,7,7,reviewed,https://www.web3isgoinggreat.com/,crypto; critique; scams; skepticism
where-is-my-flying-car,Where Is My Flying Car?,J. Storrs Hall,2018,Book,"Climate, Energy, and Deep Tech",Stagnation & progress,Intermediate,7,7,reviewed,,deep-tech; energy; stagnation; progress
how-to-avoid-a-climate-disaster,How to Avoid a Climate Disaster,Bill Gates,2021,Book,"Climate, Energy, and Deep Tech",Climate strategy,Beginner,7,7,reviewed,,climate; net-zero; green-premium; deep-tech
blitzscaling,Blitzscaling,Reid Hoffman & Chris Yeh,2018,Book,Global Tech and Non-US Ecosystems,Scaling & global competition,Intermediate,7,7,reviewed,,scaling; winner-take-most; china; strategy
remote-office-not-required,Remote: Office Not Required,Jason Fried & David Heinemeier Hansson,2013,Book,Future of Work and Labor,Remote work,Beginner,7,7,reviewed,,remote-work; async; culture; management
a-world-without-email,A World Without Email,Cal Newport,2021,Book,Future of Work and Labor,Knowledge work,Beginner,7,7,reviewed,,productivity; email; focus; knowledge-work
the-pentagon-s-brain,The Pentagon's Brain,Annie Jacobsen,2015,Book,"Defense, Gov, and Public Tech",DARPA history,Intermediate,8,6,reviewed,,darpa; defense; history; r-and-d
ai-2027,AI 2027,"AI Futures Project (Kokotajlo, Lifland, Larsen, Dean)",2025,Scenario forecast,AI in Practice,AGI forecasting,Intermediate,7,7,recommended,https://ai-2027.com/,agi; forecast; race-dynamics; scenario
nexus-a-brief-history-of-information-networks,Nexus: A Brief History of Information Networks,Yuval Noah Harari,2024,Book,Internet and Big Tech History,Information & power,Beginner,7,7,reviewed,,information; history; ai; society
something-ventured-documentary,Something Ventured,"Dan Geller, Dayna Goldfine",2011,Documentary,Documentary and Long-Form Media,Venture History,Beginner,7,6,reviewed,,documentary; venture-capital; silicon-valley; history
triumph-of-the-nerds,Triumph of the Nerds,Robert X. Cringely,1996,Documentary,Documentary and Long-Form Media,PC History,Beginner,7,6,reviewed,https://www.pbs.org/nerds/,documentary; personal-computing; apple; microsoft; history
edx-columbia-ai-study-guide,Artificial Intelligence (AI) by edX — Columbia University (Study Guide),"Josh Wentz (notes on Columbia CSMM.101x, Ansaf Salleb-Aouissi)",,Study Guide (Article),AI Foundations,Course notes,Intermediate,7,6,reviewed,https://medium.com/@joshwentz/artificial-intelligence-ai-by-edx-2ae1067103c8,ai; course-notes; edx; columbia; self-study
pirates-of-silicon-valley,Pirates of Silicon Valley,Martyn Burke (dir.),1999,Film,Documentary and Long-Form Media,Founder mythology,Beginner,7,6,reviewed,,apple; microsoft; jobs; gates
the-californian-ideology,The Californian Ideology,Richard Barbrook & Andy Cameron,1995,Essay,Internet and Big Tech History,Tech culture critique,Advanced,7,6,reviewed,,tech-politics; ideology; critique; culture
snow-crash,Snow Crash,Neal Stephenson,1992,Book,Internet and Big Tech History,Sci-fi & tech imagination,Intermediate,7,6,reviewed,,metaverse; sci-fi; cyberpunk; vr
going-infinite-the-rise-and-fall-of-a-new-tycoon,Going Infinite: The Rise and Fall of a New Tycoon,Michael Lewis,2023,Book,Crypto and Web3,Fraud & collapse,Beginner,7,6,reviewed,,ftx; sbf; fraud; effective-altruism
number-go-up,Number Go Up,Zeke Faux,2023,Book,Crypto and Web3,Critique,Beginner,7,6,reviewed,,crypto; tether; bubble; critique
read-write-own,Read Write Own,Chris Dixon,2024,Book,Crypto and Web3,Web3 thesis,Beginner,7,6,reviewed,,web3; tokens; ownership; a16z
speed-scale,Speed & Scale,John Doerr,2021,Book,"Climate, Energy, and Deep Tech",Climate execution,Beginner,7,6,reviewed,,climate; okrs; execution; venture
the-billionaire-raj,The Billionaire Raj,James Crabtree,2018,Book,Global Tech and Non-US Ecosystems,India,Intermediate,7,6,reviewed,,india; markets; inequality; ecosystems
bullshit-jobs,Bullshit Jobs,David Graeber,2018,Book,Future of Work and Labor,Meaning of work,Beginner,7,6,reviewed,,work; meaning; automation; labor
rise-of-the-robots,Rise of the Robots,Martin Ford,2015,Book,Future of Work and Labor,Automation,Beginner,7,6,reviewed,,automation; jobs; ubi; labor
996-icu,996.ICU,Chinese tech workers (GitHub),2019,Open repository / movement,Future of Work and Labor,Labor & culture,Beginner,7,6,reviewed,https://github.com/996icu/996.ICU,996; overwork; china; labor
the-ai-doc-or-how-i-became-an-apocaloptimist,The AI Doc: Or How I Became an Apocaloptimist,Daniel Roher & Charlie Tyrell (dir.),2026,Documentary,Documentary and Long-Form Media,AI & society,Beginner,7,6,reviewed,,documentary; ai; sundance; 2026
ghost-in-the-machine,Ghost in the Machine,Valerie Veatch (dir.),2026,Documentary,Documentary and Long-Form Media,AI critique & history,Intermediate,7,6,reviewed,,documentary; ai-history; critique; ethics
canon-of-design-product-management,The Canon of Design for a New Journey in Product Management,Rajiv Kaul (Intelligaia),,Slides,Product and Design,Design-led product,Beginner,6,6,reviewed,https://pt.slideshare.net/slideshow/canon-of-design-for-a-new-journey-in-product-management/66867250,product-management; design; design-systems; slides
agi-ruin-a-list-of-lethalities,AGI Ruin: A List of Lethalities,Eliezer Yudkowsky,2022,Essay,AI in Practice,AI risk,Advanced,6,6,reviewed,https://www.lesswrong.com/posts/uMQ3CqWDPHhjtiesc/agi-ruin-a-list-of-lethalities,ai-safety; alignment; x-risk; rationalism
chaos-monkeys,Chaos Monkeys,Antonio García Martínez,2016,Book,Internet and Big Tech History,Insider memoir,Beginner,6,6,reviewed,,memoir; facebook; ad-tech; yc
the-social-dilemma,The Social Dilemma,Jeff Orlowski (dir.),2020,Documentary,Documentary and Long-Form Media,Tech & society,Beginner,6,6,reviewed,,social-media; attention; ethics; documentary
rebuild-the-arsenal-of-democracy-anduril,Rebuild the Arsenal of Democracy (Anduril),Palmer Luckey / Anduril,2024,Manifesto / essay,"Defense, Gov, and Public Tech",Defense startups,Beginner,6,6,reviewed,,anduril; defense-tech; manifesto; industrial-base
if-anyone-builds-it-everyone-dies,"If Anyone Builds It, Everyone Dies",Eliezer Yudkowsky & Nate Soares,2025,Book,AI in Practice,AI risk,Beginner,6,6,reviewed,https://ifanyonebuildsit.com/,ai-safety; x-risk; alignment; doom
